,League,Player,Team,age,captain,current_value,date_mined_social,ig_confidence,ig_followers,ig_posts,ig_verified,position,primary_nationality,secondary_nationality,tw_confidence,tw_created,tw_followers,tw_statuses,tw_verified,max_reach,activity,reach,PFI
0,SPL,Allan McGregor,Rangers FC,"Jan 31, 1982 (39)",0,450000,07/12/2021 13:38,1.0,106099.0,51.0,True,Goalkeeper,Scotland,Null,1.0,2011-12-09 19:19:37+00:00,71675.0,777.0,True,106099.0,777.0,106099.0,235.77555555555554
1,SPL,Robby McCrorie,Rangers FC,"Mar 18, 1998 (23)",0,360000,07/12/2021 13:38,1.0,25874.0,64.0,True,Goalkeeper,Scotland,Null,0.5,2014-04-10 17:45:52+00:00,21379.0,2191.0,False,25874.0,2191.0,25874.0,71.87222222222222
2,SPL,Jon McLaughlin,Rangers FC,"Sep 9, 1987 (34)",0,315000,07/12/2021 13:38,0.0,0.0,0.0,,Goalkeeper,Scotland,Null,0.0,,0.0,0.0,,0.0,0.0,0.0,0.0
3,SPL,Andy Firth,Rangers FC,"Sep 26, 1996 (25)",0,45000,07/12/2021 13:38,1.0,35027.0,466.0,True,Goalkeeper,England,Null,1.0,2013-03-16 15:45:02+00:00,15811.0,3723.0,True,35027.0,3723.0,35027.0,778.3777777777777
4,SPL,Connor Goldson,Rangers FC,"Dec 18, 1992 (28)",0,6750000,07/12/2021 13:38,1.0,107873.0,65.0,True,Centre-Back,England,Null,0.0,,0.0,0.0,,107873.0,65.0,107873.0,15.981185185185184
5,SPL,Filip Helander,Rangers FC,"Apr 22, 1993 (28)",0,3150000,07/12/2021 13:38,1.0,53681.0,64.0,True,Centre-Back,Sweden,Null,0.0,,0.0,0.0,,53681.0,64.0,53681.0,17.041587301587303
6,SPL,Jack Simpson,Rangers FC,"Dec 18, 1996 (24)",0,900000,07/12/2021 13:38,1.0,19613.0,25.0,True,Centre-Back,England,Null,0.0,,0.0,0.0,,19613.0,25.0,19613.0,21.79222222222222
7,SPL,Leon Balogun,Rangers FC,"Jun 28, 1988 (33)",0,720000,07/12/2021 13:38,1.0,120163.0,861.0,True,Centre-Back,Nigeria,Germany,1.0,2013-11-22 23:17:58+00:00,179540.0,2029.0,True,179540.0,2029.0,179540.0,249.36111111111111
8,SPL,Borna Barisic,Rangers FC,"Nov 10, 1992 (29)",0,5400000,07/12/2021 13:38,1.0,119595.0,180.0,True,Left-Back,Croatia,Null,0.0,,0.0,0.0,,119595.0,180.0,119595.0,22.147222222222222
9,SPL,Calvin Bassey,Rangers FC,"Dec 31, 1999 (21)",0,360000,07/12/2021 13:38,1.0,59867.0,9.0,True,Left-Back,Nigeria,England,1.0,2020-06-07 01:44:31+00:00,35311.0,118.0,False,59867.0,118.0,59867.0,166.29722222222222
10,SPL,James Tavernier,Rangers FC,"Oct 31, 1991 (30)",1,7200000,07/12/2021 13:38,1.0,180927.0,578.0,True,Right-Back,England,Null,1.0,2012-03-13 21:39:49+00:00,228814.0,1852.0,True,228814.0,1852.0,228814.0,31.779722222222222
11,SPL,Nathan Patterson,Rangers FC,"Oct 16, 2001 (20)",0,1170000,07/12/2021 13:38,1.0,93728.0,53.0,True,Right-Back,Scotland,Null,1.0,2018-12-12 10:47:16+00:00,19076.0,38.0,False,93728.0,53.0,93728.0,80.10940170940171
12,SPL,John Lundstram,Rangers FC,"Feb 18, 1994 (27)",0,6300000,07/12/2021 13:38,1.0,37450.0,77.0,True,Central Midfield,England,Null,0.5,2021-07-18 12:08:22+00:00,3.0,4.0,False,37450.0,77.0,37450.0,5.944444444444445
13,SPL,Joe Aribo,Rangers FC,"Jul 21, 1996 (25)",0,5850000,07/12/2021 13:38,1.0,126891.0,139.0,True,Central Midfield,Nigeria,England,1.0,2015-08-24 18:30:49+00:00,75901.0,1994.0,True,126891.0,1994.0,126891.0,21.69076923076923
14,SPL,Glen Kamara,Rangers FC,"Oct 28, 1995 (26)",0,5400000,07/12/2021 13:38,1.0,111066.0,28.0,True,Central Midfield,Finland,Sierra Leone,1.0,2011-06-01 23:10:18+00:00,66925.0,373.0,True,111066.0,373.0,111066.0,20.567777777777778
15,SPL,Juninho Bacuna,Rangers FC,"Aug 7, 1997 (24)",0,4500000,07/12/2021 13:38,1.0,39163.0,116.0,True,Central Midfield,Curacao,Netherlands,0.5,2011-01-16 18:46:36+00:00,7004.0,56.0,False,39163.0,116.0,39163.0,8.70288888888889
16,SPL,Ryan Jack,Rangers FC,"Feb 27, 1992 (29)",0,3150000,07/12/2021 13:38,1.0,94848.0,33.0,True,Central Midfield,Scotland,Null,0.0,,0.0,0.0,,94848.0,33.0,94848.0,30.11047619047619
17,SPL,Scott Arfield,Rangers FC,"Nov 1, 1988 (33)",0,1800000,07/12/2021 13:38,1.0,36092.0,10.0,True,Central Midfield,Canada,Scotland,1.0,2012-04-27 21:12:02+00:00,85216.0,1287.0,True,85216.0,1287.0,85216.0,47.34222222222222
18,SPL,Steven Davis,Rangers FC,"Jan 1, 1985 (36)",0,900000,07/12/2021 13:38,1.0,146976.0,184.0,True,Central Midfield,Northern Ireland,Null,1.0,2016-03-16 14:18:05+00:00,83225.0,239.0,True,146976.0,239.0,146976.0,163.30666666666667
19,SPL,Nnamdi Ofoborh,Rangers FC,"Nov 7, 1999 (22)",0,360000,07/12/2021 13:38,1.0,19249.0,12.0,True,Central Midfield,Nigeria,England,0.5,2017-12-15 18:37:40+00:00,7772.0,1308.0,False,19249.0,1308.0,19249.0,53.46944444444444
20,SPL,Stephen Kelly,Rangers FC,"Apr 13, 2000 (21)",0,360000,07/12/2021 13:38,0.5,15536.0,101.0,False,Central Midfield,Scotland,Null,0.5,2012-10-16 21:27:46+00:00,10699.0,3268.0,False,15536.0,3268.0,15536.0,43.15555555555556
21,SPL,Ryan Kent,Rangers FC,"Nov 11, 1996 (25)",0,12600000,07/12/2021 13:38,1.0,200763.0,6.0,True,Left Winger,England,Null,1.0,2011-10-27 16:02:37+00:00,86778.0,113.0,True,200763.0,113.0,200763.0,15.933571428571428
22,SPL,Scott Wright,Rangers FC,"Aug 8, 1997 (24)",0,540000,07/12/2021 13:38,1.0,35305.0,80.0,True,Left Winger,Scotland,Null,0.0,,0.0,0.0,,35305.0,80.0,35305.0,65.37962962962963
23,SPL,Brandon Barker,Rangers FC,"Oct 4, 1996 (25)",0,450000,07/12/2021 13:38,1.0,57908.0,116.0,True,Left Winger,England,Null,1.0,2011-04-02 11:21:42+00:00,33533.0,6199.0,True,57908.0,6199.0,57908.0,128.68444444444444
24,SPL,Ianis Hagi,Rangers FC,"Oct 22, 1998 (23)",0,5850000,07/12/2021 13:38,1.0,344565.0,164.0,True,Right Winger,Romania,Turkey,1.0,2017-02-25 13:51:48+00:00,80719.0,338.0,False,344565.0,338.0,344565.0,58.9
25,SPL,Alfredo Morelos,Rangers FC,"Jun 21, 1996 (25)",0,10800000,07/12/2021 13:38,1.0,252822.0,603.0,True,Centre-Forward,Colombia,Null,1.0,2016-01-20 03:03:23+00:00,116473.0,1720.0,False,252822.0,1720.0,252822.0,23.409444444444443
26,SPL,Kemar Roofe,Rangers FC,"Jan 6, 1993 (28)",0,4500000,07/12/2021 13:38,1.0,172421.0,792.0,True,Centre-Forward,Jamaica,England,1.0,2011-07-23 19:00:29+00:00,116994.0,1932.0,True,172421.0,1932.0,172421.0,38.315777777777775
27,SPL,Fashion Sakala,Rangers FC,"Mar 14, 1997 (24)",0,3600000,07/12/2021 13:38,1.0,121452.0,176.0,True,Centre-Forward,Zambia,Null,1.0,2017-05-05 18:09:34+00:00,38139.0,144.0,False,121452.0,176.0,121452.0,33.736666666666665
28,SPL,Jermain Defoe,Rangers FC,"Oct 7, 1982 (39)",0,720000,07/12/2021 13:38,1.0,540798.0,550.0,True,Centre-Forward,England,St. Lucia,1.0,2010-09-30 12:30:25+00:00,971361.0,1554.0,True,971361.0,1554.0,971361.0,1349.1125
29,SPL,Vasilios Barkas,Celtic FC,"May 30, 1994 (27)",0,2520000,07/12/2021 13:38,1.0,45469.0,199.0,True,Goalkeeper,Greece,Netherlands,0.0,,0.0,0.0,,45469.0,199.0,45469.0,18.043253968253968
30,SPL,Joe Hart,Celtic FC,"Apr 19, 1987 (34)",0,1800000,07/12/2021 13:38,1.0,1421511.0,411.0,True,Goalkeeper,England,Null,0.0,,0.0,0.0,,1421511.0,411.0,1421511.0,789.7283333333334
31,SPL,Scott Bain,Celtic FC,"Nov 22, 1991 (30)",0,720000,07/12/2021 13:38,1.0,52278.0,36.0,True,Goalkeeper,Scotland,Null,1.0,2010-08-24 22:07:11+00:00,34426.0,47.0,True,52278.0,47.0,52278.0,72.60833333333333
32,SPL,Conor Hazard,Celtic FC,"Mar 5, 1998 (23)",0,360000,07/12/2021 13:38,1.0,27586.0,40.0,True,Goalkeeper,Northern Ireland,Null,1.0,2012-02-22 18:20:47+00:00,5294.0,3.0,True,27586.0,40.0,27586.0,76.62777777777778
33,SPL,Christopher Jullien,Celtic FC,"Mar 22, 1993 (28)",0,4950000,07/12/2021 13:38,1.0,114901.0,401.0,True,Centre-Back,France,Null,1.0,2012-10-26 13:07:16+00:00,70643.0,2615.0,True,114901.0,2615.0,114901.0,23.212323232323232
34,SPL,Carl Starfelt,Celtic FC,"Jun 1, 1995 (26)",0,2700000,07/12/2021 13:38,1.0,30647.0,52.0,True,Centre-Back,Sweden,Null,0.5,2020-03-28 16:33:25+00:00,283.0,4340.0,False,30647.0,4340.0,30647.0,11.35074074074074
35,SPL,Cameron Carter-Vickers,Celtic FC,"Dec 31, 1997 (23)",0,1800000,07/12/2021 13:38,1.0,83289.0,92.0,True,Centre-Back,United States,England,1.0,2013-01-20 20:27:33+00:00,32336.0,386.0,True,83289.0,386.0,83289.0,46.27166666666667
36,SPL,Stephen Welsh,Celtic FC,"Jan 19, 2000 (21)",0,1080000,07/12/2021 13:38,1.0,34188.0,56.0,True,Centre-Back,Scotland,Null,1.0,2016-04-07 10:33:06+00:00,13483.0,1066.0,True,34188.0,1066.0,34188.0,31.655555555555555
37,SPL,Osaze Urhoghide,Celtic FC,"Jul 4, 2000 (21)",0,270000,07/12/2021 13:38,1.0,23607.0,31.0,True,Centre-Back,England,Nigeria,1.0,2017-02-26 18:58:06+00:00,19736.0,27.0,True,23607.0,31.0,23607.0,87.43333333333334
38,SPL,Liam Scales,Celtic FC,"Aug 8, 1998 (23)",0,90000,07/12/2021 13:38,1.0,10037.0,15.0,True,Centre-Back,Ireland,Null,0.0,,0.0,0.0,,10037.0,15.0,10037.0,111.52222222222223
39,SPL,Boli Bolingoli,Celtic FC,"Jul 1, 1995 (26)",0,1980000,07/12/2021 13:38,1.0,64535.0,83.0,True,Left-Back,Belgium,DR Congo,1.0,2019-01-10 09:25:30+00:00,13652.0,31.0,False,64535.0,83.0,64535.0,32.593434343434346
40,SPL,Greg Taylor,Celtic FC,"Nov 5, 1997 (24)",0,1800000,07/12/2021 13:38,1.0,62252.0,83.0,True,Left-Back,Scotland,Null,0.0,,0.0,0.0,,62252.0,83.0,62252.0,34.58444444444444
41,SPL,Adam Montgomery,Celtic FC,"Jul 18, 2002 (19)",0,135000,07/12/2021 13:38,1.0,19964.0,18.0,True,Left-Back,Scotland,Null,1.0,2016-07-24 19:23:20+00:00,2669.0,25.0,False,19964.0,25.0,19964.0,147.88148148148147
42,SPL,Josip Juranovic,Celtic FC,"Aug 16, 1995 (26)",0,2250000,07/12/2021 13:38,1.0,52195.0,191.0,True,Right-Back,Croatia,Null,0.0,,0.0,0.0,,52195.0,191.0,52195.0,23.197777777777777
43,SPL,Anthony Ralston,Celtic FC,"Nov 16, 1998 (23)",0,270000,07/12/2021 13:38,1.0,62380.0,176.0,True,Right-Back,Scotland,Null,1.0,2016-06-06 17:44:00+00:00,34480.0,154.0,True,62380.0,176.0,62380.0,231.03703703703704
44,SPL,Ismaila Soro,Celtic FC,"May 7, 1998 (23)",0,810000,07/12/2021 13:38,1.0,50366.0,114.0,True,Defensive Midfield,Cote d'Ivoire,Null,0.0,,0.0,0.0,,50366.0,114.0,50366.0,62.18024691358025
45,SPL,Nir Bitton,Celtic FC,"Oct 30, 1991 (30)",0,720000,07/12/2021 13:38,1.0,100061.0,268.0,True,Defensive Midfield,Israel,Null,0.0,,0.0,0.0,,100061.0,268.0,100061.0,138.9736111111111
46,SPL,Liam Shaw,Celtic FC,"Mar 12, 2001 (20)",0,315000,07/12/2021 13:38,1.0,16998.0,31.0,True,Defensive Midfield,England,Null,1.0,2017-07-30 09:43:42+00:00,14501.0,173.0,True,16998.0,173.0,16998.0,53.96190476190476
47,SPL,Callum McGregor,Celtic FC,"Jun 14, 1993 (28)",1,6300000,07/12/2021 13:38,0.5,10667.0,54.0,False,Central Midfield,Scotland,Null,0.5,2013-10-09 13:58:30+00:00,21821.0,77.0,False,21821.0,77.0,21821.0,3.463650793650794
48,SPL,David Turnbull,Celtic FC,"Jul 10, 1999 (22)",0,4500000,07/12/2021 13:38,1.0,61037.0,65.0,True,Central Midfield,Scotland,Null,1.0,2014-12-03 18:09:08+00:00,37186.0,935.0,True,61037.0,935.0,61037.0,13.563777777777778
49,SPL,James McCarthy,Celtic FC,"Nov 12, 1990 (31)",0,2700000,07/12/2021 13:38,1.0,77079.0,45.0,True,Central Midfield,Ireland,Scotland,1.0,2012-02-27 19:14:38+00:00,97093.0,103.0,True,97093.0,103.0,97093.0,35.96037037037037
50,SPL,Dane Murray,Celtic FC,"Jun 26, 2003 (18)",0,0,07/12/2021 13:38,0.5,7863.0,9.0,False,Central Midfield,Scotland,Null,0.0,,0.0,0.0,,7863.0,9.0,7824.936342732664,inf
51,SPL,James Forrest,Celtic FC,"Jul 7, 1991 (30)",0,5400000,07/12/2021 13:38,0.0,0.0,0.0,,Right Midfield,Scotland,Null,0.0,,0.0,0.0,,0.0,0.0,0.0,0.0
52,SPL,Tom Rogic,Celtic FC,"Dec 16, 1992 (28)",0,1350000,07/12/2021 13:38,1.0,154637.0,161.0,True,Attacking Midfield,Australia,Serbia,1.0,2013-06-25 06:50:26+00:00,66405.0,0.0,True,154637.0,161.0,154637.0,114.54592592592593
53,SPL,Ewan Henderson,Celtic FC,"Mar 27, 2000 (21)",0,225000,07/12/2021 13:38,0.0,0.0,0.0,,Attacking Midfield,Scotland,Null,0.0,,0.0,0.0,,0.0,0.0,0.0,0.0
54,SPL,Jota,Celtic FC,"Mar 30, 1999 (22)",0,3150000,07/12/2021 13:38,0.0,0.0,0.0,,Left Winger,Portugal,Null,0.0,,0.0,0.0,,0.0,0.0,0.0,0.0
55,SPL,Kyogo Furuhashi,Celtic FC,"Jan 20, 1995 (26)",0,1800000,07/12/2021 13:38,1.0,168696.0,381.0,True,Left Winger,Japan,Null,1.0,2013-10-18 07:07:39+00:00,100384.0,2201.0,True,168696.0,2201.0,168696.0,93.72
56,SPL,Mikey Johnston,Celtic FC,"Apr 19, 1999 (22)",0,900000,07/12/2021 13:38,1.0,94420.0,114.0,True,Left Winger,Scotland,Null,1.0,2012-06-07 20:27:04+00:00,50729.0,1059.0,True,94420.0,1059.0,94420.0,104.91111111111111
57,SPL,Liel Abada,Celtic FC,"Oct 3, 2001 (20)",0,2700000,07/12/2021 13:38,1.0,74278.0,234.0,True,Right Winger,Israel,Null,0.0,,0.0,0.0,,74278.0,234.0,74278.0,27.51037037037037
58,SPL,Karamoko Dembélé,Celtic FC,"Feb 22, 2003 (18)",0,225000,07/12/2021 13:38,1.0,637922.0,31.0,True,Right Winger,England,Scotland,1.0,2017-09-22 16:16:29+00:00,32731.0,25.0,True,637922.0,31.0,637922.0,2835.208888888889
59,SPL,Albian Ajeti,Celtic FC,"Feb 26, 1997 (24)",0,2880000,07/12/2021 13:38,1.0,77073.0,245.0,True,Centre-Forward,Switzerland,Albania,0.0,,0.0,0.0,,77073.0,245.0,77073.0,26.761458333333334
60,SPL,Georgios Giakoumakis,Celtic FC,"Dec 9, 1994 (26)",0,2250000,07/12/2021 13:38,0.0,0.0,0.0,,Centre-Forward,Greece,Null,0.0,,0.0,0.0,,0.0,0.0,0.0,0.0
61,SPL,Craig Gordon,Heart of Midlothian FC,"Dec 31, 1982 (38)",1,405000,07/12/2021 13:38,1.0,73347.0,167.0,True,Goalkeeper,Scotland,Null,0.0,,0.0,0.0,,73347.0,167.0,73347.0,181.1037037037037
62,SPL,Ross Stewart,Heart of Midlothian FC,"Apr 16, 1995 (26)",0,180000,07/12/2021 13:38,0.5,639.0,123.0,False,Goalkeeper,Scotland,Null,0.0,,0.0,0.0,,639.0,123.0,580.0415587558998,3.222453104199443
63,SPL,Taylor Moore,Heart of Midlothian FC,"May 12, 1997 (24)",0,900000,07/12/2021 13:38,1.0,22256.0,324.0,True,Centre-Back,England,Null,1.0,2012-11-14 19:37:55+00:00,17352.0,1389.0,True,22256.0,1389.0,22256.0,24.72888888888889
64,SPL,John Souttar,Heart of Midlothian FC,"Sep 25, 1996 (25)",0,720000,07/12/2021 13:38,1.0,23105.0,143.0,True,Centre-Back,Scotland,Null,1.0,2012-01-14 21:34:47+00:00,15124.0,3467.0,False,23105.0,3467.0,23105.0,32.09027777777778
65,SPL,Craig Halkett,Heart of Midlothian FC,"May 29, 1995 (26)",0,450000,07/12/2021 13:38,0.5,736.0,258.0,False,Centre-Back,Scotland,Null,0.5,2011-01-07 16:41:56+00:00,1848.0,8757.0,False,1848.0,8757.0,1704.5300738230667,3.787844608495704
66,SPL,Stephen Kingsley,Heart of Midlothian FC,"Jul 23, 1994 (27)",0,720000,07/12/2021 13:38,1.0,8677.0,101.0,False,Left-Back,Scotland,Null,1.0,2011-11-02 22:01:15+00:00,7466.0,946.0,True,8677.0,946.0,8677.0,12.051388888888889
67,SPL,Alex Cochrane,Heart of Midlothian FC,"Apr 21, 2000 (21)",0,225000,07/12/2021 13:38,1.0,4259.0,31.0,False,Left-Back,England,Null,0.0,,0.0,0.0,,4259.0,31.0,4052.621735447174,18.011652157542994
68,SPL,Michael Smith,Heart of Midlothian FC,"Sep 4, 1988 (33)",0,360000,07/12/2021 13:38,1.0,10057.0,177.0,True,Right-Back,Northern Ireland,Null,1.0,2011-01-09 18:44:47+00:00,11040.0,6493.0,True,11040.0,6493.0,11040.0,30.666666666666668
69,SPL,Jamie Brandon,Heart of Midlothian FC,"Feb 5, 1998 (23)",0,180000,07/12/2021 13:38,1.0,8029.0,72.0,True,Right-Back,Scotland,Null,0.0,,0.0,0.0,,8029.0,72.0,8006.262664891687,44.47923702717603
70,SPL,Cammy Logan,Heart of Midlothian FC,"Jan 28, 2002 (19)",0,0,07/12/2021 13:38,0.5,2529.0,3.0,False,Right-Back,Scotland,Null,0.0,,0.0,0.0,,2529.0,3.0,2353.50337649764,inf
71,SPL,Cameron Devlin,Heart of Midlothian FC,"Jun 7, 1998 (23)",0,360000,07/12/2021 13:38,1.0,9405.0,78.0,True,Defensive Midfield,Australia,Null,1.0,2018-07-25 14:08:55+00:00,4565.0,75.0,False,9405.0,78.0,9405.0,26.125
72,SPL,Andy Halliday,Heart of Midlothian FC,"Oct 11, 1991 (30)",0,360000,07/12/2021 13:38,0.0,0.0,0.0,,Defensive Midfield,Scotland,Null,0.0,,0.0,0.0,,0.0,0.0,0.0,0.0
73,SPL,Peter Haring,Heart of Midlothian FC,"Jun 2, 1993 (28)",0,315000,07/12/2021 13:38,1.0,4624.0,26.0,False,Defensive Midfield,Austria,Null,0.0,,0.0,0.0,,4624.0,26.0,4420.360450199685,14.032890318094239
74,SPL,Beni Baningime,Heart of Midlothian FC,"Sep 9, 1998 (23)",0,900000,07/12/2021 13:38,0.0,0.0,0.0,,Central Midfield,DR Congo,England,0.0,,0.0,0.0,,0.0,0.0,0.0,0.0
75,SPL,Aaron McEneff,Heart of Midlothian FC,"Jul 9, 1995 (26)",0,360000,07/12/2021 13:38,1.0,7456.0,320.0,True,Central Midfield,Ireland,Northern Ireland,1.0,2010-10-09 22:11:07+00:00,6593.0,1526.0,True,7456.0,1526.0,7383.181507926903,20.508837522019174
76,SPL,Gary Mackay-Steven,Heart of Midlothian FC,"Aug 31, 1990 (31)",0,630000,07/12/2021 13:38,1.0,46745.0,244.0,True,Left Midfield,Scotland,Null,1.0,2010-01-20 13:15:31+00:00,68229.0,2836.0,True,68229.0,2836.0,68229.0,108.3
77,SPL,Ben Woodburn,Heart of Midlothian FC,"Oct 15, 1999 (22)",0,1800000,07/12/2021 13:38,1.0,415015.0,109.0,True,Attacking Midfield,Wales,England,1.0,2013-11-23 17:56:29+00:00,188010.0,288.0,True,415015.0,288.0,415015.0,230.5638888888889
78,SPL,Finlay Pollock,Heart of Midlothian FC,"Jun 27, 2004 (17)",0,0,07/12/2021 13:38,0.5,2957.0,1.0,False,Attacking Midfield,Scotland,Null,1.0,2015-01-06 10:14:27+00:00,755.0,34.0,False,2957.0,34.0,2767.1193029166166,inf
79,SPL,Barrie McKay,Heart of Midlothian FC,"Dec 30, 1994 (26)",0,540000,07/12/2021 13:38,1.0,40085.0,259.0,True,Left Winger,Scotland,Null,1.0,2011-11-08 18:40:56+00:00,69945.0,3883.0,True,69945.0,3883.0,69945.0,129.52777777777777
80,SPL,Jamie Walker,Heart of Midlothian FC,"Jun 25, 1993 (28)",0,360000,07/12/2021 13:38,1.0,28748.0,662.0,True,Left Winger,Scotland,Null,0.0,,0.0,0.0,,28748.0,662.0,28748.0,79.85555555555555
81,SPL,Josh Ginnelly,Heart of Midlothian FC,"Mar 24, 1997 (24)",0,270000,07/12/2021 13:38,1.0,15611.0,20.0,True,Left Winger,England,Null,0.5,2013-09-17 20:45:40+00:00,10141.0,2460.0,False,15611.0,2460.0,15611.0,57.818518518518516
82,SPL,Liam Boyce,Heart of Midlothian FC,"Apr 8, 1991 (30)",0,540000,07/12/2021 13:38,1.0,16361.0,82.0,True,Centre-Forward,Northern Ireland,Null,1.0,2019-11-27 09:43:31+00:00,8719.0,226.0,False,16361.0,226.0,16361.0,30.298148148148147
83,SPL,Armand Gnanduillet,Heart of Midlothian FC,"Feb 13, 1992 (29)",0,360000,07/12/2021 13:38,1.0,10941.0,23.0,True,Centre-Forward,Cote d'Ivoire,France,0.0,,0.0,0.0,,10941.0,23.0,10941.0,30.391666666666666
84,SPL,Benjamin Siegrist,Dundee United FC,"Jan 31, 1992 (29)",0,675000,07/12/2021 13:38,1.0,5993.0,169.0,False,Goalkeeper,Switzerland,Null,0.0,,0.0,0.0,,5993.0,169.0,5828.361127919642,8.63460907839947
85,SPL,Trevor Carson,Dundee United FC,"Mar 5, 1988 (33)",0,315000,07/12/2021 13:38,1.0,3004.0,27.0,False,Goalkeeper,Northern Ireland,Null,1.0,2014-06-22 08:00:58+00:00,5437.0,799.0,False,5437.0,799.0,5251.0510468352895,16.670003323286632
86,SPL,Ryan Edwards,Dundee United FC,"Oct 7, 1993 (28)",0,360000,07/12/2021 13:38,0.5,745.0,193.0,False,Centre-Back,England,Null,1.0,2012-03-24 13:19:49+00:00,7051.0,3148.0,False,7051.0,3148.0,6947.577368994313,19.2988260249842
87,SPL,Mark Reynolds,Dundee United FC,"May 7, 1987 (34)",1,270000,07/12/2021 13:38,1.0,1708.0,3.0,False,Centre-Back,Scotland,Null,1.0,2011-05-15 22:27:59+00:00,14179.0,793.0,False,14179.0,793.0,14179.0,52.51481481481481
88,SPL,Charlie Mulgrew,Dundee United FC,"Mar 6, 1986 (35)",0,180000,07/12/2021 13:38,1.0,24797.0,57.0,False,Centre-Back,Scotland,Null,1.0,2012-05-31 20:42:13+00:00,79696.0,1130.0,True,79696.0,1130.0,79696.0,442.75555555555553
89,SPL,Kerr Smith,Dundee United FC,"Dec 12, 2004 (16)",0,90000,07/12/2021 13:38,1.0,3071.0,15.0,False,Centre-Back,Scotland,Null,0.0,,0.0,0.0,,3071.0,15.0,2878.0357981362704,31.978175534847452
90,SPL,Adrián Spörle,Dundee United FC,"Jul 13, 1995 (26)",0,450000,07/12/2021 13:38,1.0,6578.0,181.0,False,Left-Back,Argentina,Germany,0.0,,0.0,0.0,,6578.0,181.0,6443.860704344669,14.319690454099264
91,SPL,Scott McMann,Dundee United FC,"Jul 9, 1996 (25)",0,360000,07/12/2021 13:38,0.0,0.0,0.0,,Left-Back,Scotland,Null,0.0,,0.0,0.0,,0.0,0.0,0.0,0.0
92,SPL,Liam Smith,Dundee United FC,"Apr 10, 1996 (25)",0,540000,07/12/2021 13:38,1.0,6614.0,135.0,True,Right-Back,Scotland,Null,1.0,2011-07-11 12:23:14+00:00,4739.0,3224.0,True,6614.0,3224.0,6482.008156843762,12.00371880896993
93,SPL,Lewis Neilson,Dundee United FC,"May 15, 2003 (18)",0,225000,07/12/2021 13:38,1.0,3345.0,12.0,False,Right-Back,Scotland,Null,1.0,2018-01-05 14:04:50+00:00,1137.0,362.0,False,3345.0,362.0,3145.911170277139,13.98182742345395
94,SPL,Kieran Freeman,Dundee United FC,"Mar 30, 2000 (21)",0,45000,07/12/2021 13:38,0.5,3500.0,9.0,False,Right-Back,Scotland,Null,0.5,2014-07-01 19:35:29+00:00,1569.0,188.0,False,3500.0,188.0,3298.251240469563,73.29447201043475
95,SPL,Jeando Fuchs,Dundee United FC,"Oct 11, 1997 (24)",0,720000,07/12/2021 13:38,1.0,17577.0,14.0,True,Defensive Midfield,Cameroon,France,1.0,2012-11-19 21:45:53+00:00,4924.0,10358.0,True,17577.0,10358.0,17577.0,24.4125
96,SPL,Calum Butcher,Dundee United FC,"Feb 26, 1991 (30)",0,405000,07/12/2021 13:38,0.0,0.0,0.0,,Defensive Midfield,England,Null,0.0,,0.0,0.0,,0.0,0.0,0.0,0.0
97,SPL,Dylan Levitt,Dundee United FC,"Nov 17, 2000 (21)",0,585000,07/12/2021 13:38,1.0,99642.0,27.0,True,Central Midfield,Wales,Null,1.0,2017-11-10 07:15:33+00:00,21932.0,167.0,True,99642.0,167.0,99642.0,170.32820512820513
98,SPL,Ian Harkes,Dundee United FC,"Mar 30, 1995 (26)",0,450000,07/12/2021 13:38,1.0,7961.0,135.0,True,Central Midfield,United States,England,1.0,2019-01-15 20:02:53+00:00,3405.0,134.0,False,7961.0,135.0,7931.903763766187,17.626452808369304
99,SPL,Florent Hoti,Dundee United FC,"Dec 11, 2000 (20)",0,45000,07/12/2021 13:38,1.0,2266.0,22.0,False,Central Midfield,Kosovo,England,1.0,2018-10-16 20:48:32+00:00,663.0,121.0,False,2266.0,121.0,2101.541546653758,46.700923258972395
100,SPL,Peter Pawlett,Dundee United FC,"Feb 3, 1991 (30)",0,315000,07/12/2021 13:38,0.0,0.0,0.0,,Attacking Midfield,Scotland,England,0.0,,0.0,0.0,,0.0,0.0,0.0,0.0
101,SPL,Declan Glass,Dundee United FC,"Jun 7, 2000 (21)",0,90000,07/12/2021 13:38,0.5,5232.0,543.0,False,Attacking Midfield,Scotland,Null,0.0,,0.0,0.0,,5232.0,543.0,5040.081907297592,56.00091008108435
102,SPL,Archie Meekison,Dundee United FC,"May 4, 2002 (19)",0,90000,07/12/2021 13:38,1.0,2390.0,1.0,False,Attacking Midfield,Scotland,Null,1.0,2012-05-22 20:14:27+00:00,495.0,36.0,False,2390.0,36.0,2220.1286457703013,24.668096064114458
103,SPL,Chris Mochrie,Dundee United FC,"Apr 7, 2003 (18)",0,68000,07/12/2021 13:38,1.0,2246.0,5.0,False,Attacking Midfield,Scotland,Null,1.0,2013-01-19 19:39:04+00:00,604.0,95.0,False,2246.0,95.0,2082.4494493525353,30.62425660812552
104,SPL,Mathew Anim Cudjoe,Dundee United FC,"Nov 11, 2003 (18)",0,23000,07/12/2021 13:38,0.5,4634.0,52.0,False,Attacking Midfield,Ghana,Null,1.0,2019-12-27 18:52:59+00:00,10458.0,1527.0,False,10458.0,1527.0,10458.0,454.69565217391306
105,SPL,Kai Fotheringham,Dundee United FC,"Apr 18, 2003 (18)",0,68000,07/12/2021 13:38,1.0,3145.0,7.0,False,Left Winger,Scotland,Null,1.0,2018-03-11 18:01:07+00:00,786.0,1261.0,False,3145.0,1261.0,2950.202589858405,43.385332203800075
106,SPL,Louis Appéré,Dundee United FC,"Mar 26, 1999 (22)",0,360000,07/12/2021 13:38,1.0,3271.0,18.0,False,Right Winger,Scotland,France,0.0,,0.0,0.0,,3271.0,18.0,3073.3861551494615,8.53718376430406
107,SPL,Ilmari Niskanen,Dundee United FC,"Oct 27, 1997 (24)",0,270000,07/12/2021 13:38,1.0,4366.0,54.0,False,Right Winger,Finland,Null,0.0,,0.0,0.0,,4366.0,54.0,4160.090499818468,15.407742591920252
108,SPL,Darren Watson,Dundee United FC,"Aug 10, 2003 (18)",0,45000,07/12/2021 13:38,1.0,1921.0,17.0,False,Right Winger,Scotland,Null,1.0,2019-07-15 15:23:09+00:00,545.0,64.0,False,1921.0,64.0,1773.5598208882973,39.41244046418438
109,SPL,Marc McNulty,Dundee United FC,"Sep 14, 1992 (29)",0,585000,07/12/2021 13:38,1.0,22263.0,173.0,True,Centre-Forward,Scotland,Null,1.0,2011-08-12 12:56:54+00:00,25146.0,8426.0,True,25146.0,8426.0,25146.0,42.98461538461538
110,SPL,Nicky Clark,Dundee United FC,"Jun 3, 1991 (30)",0,473000,07/12/2021 13:38,1.0,21990.0,106.0,False,Centre-Forward,Scotland,Null,1.0,2011-09-09 12:39:55+00:00,40481.0,3103.0,True,40481.0,3103.0,40481.0,85.58350951374207
111,SPL,Logan Chalmers,Dundee United FC,"Mar 24, 2000 (21)",0,315000,07/12/2021 13:38,1.0,5285.0,33.0,False,Centre-Forward,Scotland,Null,1.0,2013-11-25 09:56:21+00:00,1594.0,1367.0,True,5285.0,1367.0,5094.527653394651,16.17310366157032
112,SPL,Maxime Biamou,Dundee United FC,"Nov 13, 1990 (31)",0,270000,07/12/2021 13:38,1.0,9655.0,53.0,True,Centre-Forward,France,Cameroon,1.0,2017-04-23 13:33:29+00:00,7386.0,703.0,True,9655.0,703.0,9655.0,35.75925925925926
113,SPL,Liam Kelly,Motherwell FC,"Jan 23, 1996 (25)",0,405000,07/12/2021 13:38,0.0,0.0,0.0,,Goalkeeper,Scotland,Null,1.0,2011-10-25 21:55:22+00:00,22802.0,9558.0,True,22802.0,9558.0,22802.0,56.30123456790123
114,SPL,Scott Fox,Motherwell FC,"Jun 28, 1987 (34)",0,180000,07/12/2021 13:38,0.0,0.0,0.0,,Goalkeeper,Scotland,Null,1.0,2014-02-08 16:59:25+00:00,1908.0,425.0,False,1908.0,425.0,1761.2574125620235,9.784763403122353
115,SPL,PJ Morrison,Motherwell FC,"Feb 27, 1998 (23)",0,180000,07/12/2021 13:38,0.5,1520.0,4.0,False,Goalkeeper,Scotland,Null,0.5,2018-08-21 22:22:40+00:00,349.0,25.0,False,1520.0,25.0,1395.9607890596637,7.755337716998131
116,SPL,Ricki Lamie,Motherwell FC,"Jun 20, 1993 (28)",0,338000,07/12/2021 13:38,0.5,712.0,87.0,False,Centre-Back,Scotland,Null,1.0,2012-02-07 14:43:16+00:00,2901.0,7375.0,False,2901.0,7375.0,2712.7492194118363,8.02588526453206
117,SPL,Nathan McGinley,Motherwell FC,"Sep 15, 1996 (25)",0,293000,07/12/2021 13:38,1.0,2144.0,8.0,False,Centre-Back,England,Null,1.0,2015-06-30 22:37:01+00:00,1505.0,113.0,False,2144.0,113.0,1985.2303521723345,6.775530212192268
118,SPL,Bevis Mugabi,Motherwell FC,"May 1, 1995 (26)",0,270000,07/12/2021 13:38,1.0,6724.0,106.0,True,Centre-Back,Uganda,England,0.0,,0.0,0.0,,6724.0,106.0,6598.7641776594455,24.43986732466461
119,SPL,Sondre Johansen,Motherwell FC,"Jul 7, 1995 (26)",0,270000,07/12/2021 13:38,0.0,0.0,0.0,,Centre-Back,Norway,Null,0.0,,0.0,0.0,,0.0,0.0,0.0,0.0
120,SPL,Juhani Ojala,Motherwell FC,"Jun 19, 1989 (32)",0,225000,07/12/2021 13:38,0.0,0.0,0.0,,Centre-Back,Finland,Null,0.0,,0.0,0.0,,0.0,0.0,0.0,0.0
121,SPL,Darragh O'Connor,Motherwell FC,"Aug 5, 1999 (22)",0,0,07/12/2021 13:38,1.0,4052.0,32.0,True,Centre-Back,Ireland,Null,1.0,2017-05-13 12:51:12+00:00,1027.0,86.0,False,4052.0,86.0,3845.501488563476,inf
122,SPL,Jake Carroll,Motherwell FC,"Aug 11, 1991 (30)",0,360000,07/12/2021 13:38,0.5,1656.0,77.0,False,Left-Back,Ireland,England,0.0,,0.0,0.0,,1656.0,77.0,1523.5881399007624,4.232189277502117
123,SPL,Stephen O'Donnell,Motherwell FC,"May 11, 1992 (29)",1,810000,07/12/2021 13:38,1.0,10397.0,19.0,True,Right-Back,Scotland,Ireland,0.5,2011-10-13 14:23:06+00:00,1190.0,2229.0,False,10397.0,2229.0,10397.0,12.835802469135803
124,SPL,Liam Grimshaw,Motherwell FC,"Feb 2, 1995 (26)",0,360000,07/12/2021 13:38,0.0,0.0,0.0,,Right-Back,England,Null,0.0,,0.0,0.0,,0.0,0.0,0.0,0.0
125,SPL,Mark O'Hara,Motherwell FC,"Dec 12, 1995 (25)",0,540000,07/12/2021 13:38,1.0,6465.0,134.0,True,Defensive Midfield,Scotland,Null,1.0,2012-08-12 16:29:56+00:00,4213.0,404.0,False,6465.0,404.0,6324.323853322038,11.711710839485256
126,SPL,Liam Donnelly,Motherwell FC,"Mar 7, 1996 (25)",0,540000,07/12/2021 13:38,1.0,1512.0,5.0,False,Defensive Midfield,Northern Ireland,Null,1.0,2011-11-18 23:56:04+00:00,3425.0,2529.0,False,3425.0,2529.0,3224.4656904272056,5.9712327600503805
127,SPL,Barry Maguire,Motherwell FC,"Apr 27, 1998 (23)",0,315000,07/12/2021 13:38,1.0,3796.0,61.0,False,Defensive Midfield,Scotland,Null,1.0,2015-01-30 23:54:31+00:00,1395.0,227.0,False,3796.0,227.0,3590.7872201379646,11.399324508374491
128,SPL,Mich'el Parker,Motherwell FC,"Oct 22, 1998 (23)",0,0,07/12/2021 13:38,1.0,5907.0,4.0,True,Defensive Midfield,England,Null,0.0,,0.0,0.0,,5907.0,4.0,5738.575795715842,inf
129,SPL,Robbie Crawford,Motherwell FC,"Jun 22, 1994 (27)",0,293000,07/12/2021 13:38,0.0,0.0,0.0,,Central Midfield,Scotland,Null,1.0,2015-08-25 19:58:45+00:00,3292.0,109.0,False,3292.0,109.0,3093.954108677236,10.559570336782375
130,SPL,Sean Goss,Motherwell FC,"Oct 1, 1995 (26)",0,293000,07/12/2021 13:38,1.0,139635.0,195.0,True,Central Midfield,England,Null,1.0,2015-08-30 13:44:12+00:00,26066.0,229.0,True,139635.0,229.0,139635.0,476.56996587030716
131,SPL,Callum Slattery,Motherwell FC,"Feb 8, 1999 (22)",0,45000,07/12/2021 13:38,0.0,0.0,0.0,,Central Midfield,England,Null,1.0,2014-05-10 15:16:19+00:00,4769.0,2920.0,True,4769.0,2920.0,4567.343386179354,101.49651969287453
132,SPL,Dean Cornelius,Motherwell FC,"Apr 11, 2001 (20)",0,45000,07/12/2021 13:38,0.0,0.0,0.0,,Central Midfield,Scotland,Null,1.0,2014-10-25 15:43:16+00:00,748.0,312.0,False,748.0,312.0,679.9711969018517,15.11047104226337
133,SPL,Jordan Roberts,Motherwell FC,"Jan 5, 1994 (27)",0,270000,07/12/2021 13:38,1.0,6881.0,170.0,True,Left Midfield,England,Null,1.0,2012-02-17 09:51:20+00:00,4286.0,2399.0,False,6881.0,2399.0,6765.914171608375,25.058941376327315
134,SPL,Kaiyne Woolery,Motherwell FC,"Jan 11, 1995 (26)",0,135000,07/12/2021 13:38,1.0,20912.0,26.0,True,Left Winger,England,Null,1.0,2011-05-31 13:19:16+00:00,7301.0,169.0,True,20912.0,169.0,20912.0,154.9037037037037
135,SPL,Justin Amaluzor,Motherwell FC,"Oct 17, 1996 (25)",0,0,07/12/2021 13:38,0.0,0.0,0.0,,Right Winger,England,Nigeria,1.0,2011-11-16 11:58:29+00:00,1625.0,17997.0,False,1625.0,17997.0,1494.45721892775,inf
136,SPL,Tony Watt,Motherwell FC,"Dec 29, 1993 (27)",0,675000,07/12/2021 13:38,1.0,29842.0,593.0,True,Centre-Forward,Scotland,Null,1.0,2017-02-20 17:56:06+00:00,36896.0,16049.0,True,36896.0,16049.0,36896.0,54.66074074074074
137,SPL,Connor Shields,Motherwell FC,"Jul 29, 1997 (24)",0,315000,07/12/2021 13:38,0.5,699.0,49.0,False,Centre-Forward,Scotland,Null,0.5,2018-02-02 09:37:18+00:00,220.0,366.0,False,699.0,366.0,635.0131187220138,2.0159146626095676
138,SPL,Kevin van Veen,Motherwell FC,"Jun 1, 1991 (30)",0,270000,07/12/2021 13:38,1.0,6252.0,74.0,True,Centre-Forward,Netherlands,Null,1.0,2012-02-05 13:46:01+00:00,5845.0,2104.0,True,6252.0,2104.0,6099.842526927266,22.592009358989873
139,SPL,Jak Alnwick,St. Mirren FC,"Jun 17, 1993 (28)",0,338000,07/12/2021 13:38,0.0,0.0,0.0,,Goalkeeper,England,Null,0.0,,0.0,0.0,,0.0,0.0,0.0,0.0
140,SPL,Dean Lyness,St. Mirren FC,"Jul 20, 1991 (30)",0,68000,07/12/2021 13:38,0.0,0.0,0.0,,Goalkeeper,England,Null,0.0,,0.0,0.0,,0.0,0.0,0.0,0.0
141,SPL,Peter Urminsky,St. Mirren FC,"May 24, 1999 (22)",0,68000,07/12/2021 13:38,1.0,1299.0,47.0,False,Goalkeeper,Slovakia,Null,0.0,,0.0,0.0,,1299.0,47.0,1189.5211666464966,17.492958333036714
142,SPL,Joe Shaughnessy,St. Mirren FC,"Jul 6, 1992 (29)",1,360000,07/12/2021 13:38,0.0,0.0,0.0,,Centre-Back,Ireland,England,0.0,,0.0,0.0,,0.0,0.0,0.0,0.0
143,SPL,Conor McCarthy,St. Mirren FC,"Apr 11, 1998 (23)",0,360000,07/12/2021 13:38,0.0,0.0,0.0,,Centre-Back,Ireland,Null,1.0,2013-05-14 21:42:26+00:00,2677.0,2037.0,True,2677.0,2037.0,2496.027931743919,6.933410921510886
144,SPL,Scott Tanser,St. Mirren FC,"Oct 23, 1994 (27)",0,360000,07/12/2021 13:38,1.0,1146.0,78.0,False,Left-Back,England,Null,1.0,2013-01-02 16:13:01+00:00,2256.0,4914.0,True,2256.0,4914.0,2091.9942877889384,5.811095243858163
145,SPL,Charles Dunne,St. Mirren FC,"Feb 13, 1993 (28)",0,293000,07/12/2021 13:38,1.0,7696.0,103.0,True,Left-Back,Ireland,England,0.0,,0.0,0.0,,7696.0,103.0,7643.190705554884,26.08597510428288
146,SPL,Richard Tait,St. Mirren FC,"Dec 2, 1989 (31)",0,405000,07/12/2021 13:38,1.0,7918.0,163.0,False,Right-Back,Scotland,Null,0.0,,0.0,0.0,,7918.0,163.0,7884.940457460972,19.46898878385425
147,SPL,Marcus Fraser,St. Mirren FC,"Jun 23, 1994 (27)",0,405000,07/12/2021 13:38,0.0,0.0,0.0,,Right-Back,Scotland,Null,0.5,2011-09-12 20:16:31+00:00,8399.0,706.0,False,8399.0,706.0,8399.0,20.738271604938273
148,SPL,Matthew Millar,St. Mirren FC,"Aug 23, 1996 (25)",0,360000,07/12/2021 13:38,0.0,0.0,0.0,,Right-Back,Australia,Null,0.0,,0.0,0.0,,0.0,0.0,0.0,0.0
149,SPL,Dylan Reid,St. Mirren FC,"Mar 1, 2005 (16)",0,0,07/12/2021 13:38,0.0,0.0,0.0,,Defensive Midfield,Scotland,Null,0.5,2016-05-09 19:57:33+00:00,474.0,203.0,False,474.0,203.0,429.3190608737747,inf
150,SPL,Connor Ronan,St. Mirren FC,"Mar 6, 1998 (23)",0,405000,07/12/2021 13:38,1.0,13199.0,67.0,True,Central Midfield,Ireland,England,1.0,2014-11-11 18:45:49+00:00,12384.0,1168.0,True,13199.0,1168.0,13199.0,32.590123456790124
151,SPL,Alan Power,St. Mirren FC,"Jan 23, 1988 (33)",0,315000,07/12/2021 13:38,1.0,3074.0,50.0,True,Central Midfield,Ireland,Null,1.0,2013-11-06 10:25:41+00:00,5295.0,889.0,True,5295.0,889.0,5104.808060026625,16.2057398731004
152,SPL,Ryan Flynn,St. Mirren FC,"Sep 4, 1988 (33)",0,270000,07/12/2021 13:38,0.0,0.0,0.0,,Right Midfield,Scotland,Null,0.0,,0.0,0.0,,0.0,0.0,0.0,0.0
153,SPL,Jay Henderson,St. Mirren FC,"Mar 7, 2002 (19)",0,180000,07/12/2021 13:38,1.0,3625.0,49.0,False,Right Midfield,Scotland,Null,0.5,2016-11-07 16:42:03+00:00,694.0,396.0,False,3625.0,396.0,3421.5297107588044,19.008498393104468
154,SPL,Ethan Erhahon,St. Mirren FC,"May 9, 2001 (20)",0,405000,07/12/2021 13:38,1.0,8050.0,173.0,False,Left Midfield,Scotland,Nigeria,1.0,2017-11-05 21:37:50+00:00,1631.0,1214.0,False,8050.0,1214.0,8029.249062083989,19.82530632613331
155,SPL,Jamie McGrath,St. Mirren FC,"Sep 30, 1996 (25)",0,810000,07/12/2021 13:38,1.0,7822.0,77.0,False,Attacking Midfield,Ireland,Null,1.0,2012-06-04 16:14:57+00:00,5651.0,1844.0,True,7822.0,1844.0,7780.253636693696,9.60525140332555
156,SPL,Greg Kiltie,St. Mirren FC,"Jan 18, 1997 (24)",0,405000,07/12/2021 13:38,1.0,4827.0,154.0,True,Left Winger,Scotland,Null,1.0,2011-06-24 15:24:03+00:00,4055.0,909.0,True,4827.0,909.0,4626.279051192061,11.422911237511261
157,SPL,Kyle McAllister,St. Mirren FC,"Jan 21, 1999 (22)",0,293000,07/12/2021 13:38,0.0,0.0,0.0,,Right Winger,Scotland,Null,0.5,2014-10-10 13:40:10+00:00,3031.0,863.0,False,3031.0,863.0,2839.081907297592,9.689699342312599
158,SPL,Eamonn Brophy,St. Mirren FC,"Mar 10, 1996 (25)",0,495000,07/12/2021 13:38,1.0,8839.0,115.0,False,Centre-Forward,Scotland,Null,0.0,,0.0,0.0,,8839.0,115.0,8839.0,17.856565656565657
159,SPL,Curtis Main,St. Mirren FC,"Jun 20, 1992 (29)",0,360000,07/12/2021 13:38,0.0,0.0,0.0,,Centre-Forward,England,Null,0.0,,0.0,0.0,,0.0,0.0,0.0,0.0
160,SPL,Lee Erwin,St. Mirren FC,"Mar 19, 1994 (27)",0,338000,07/12/2021 13:38,0.0,0.0,0.0,,Centre-Forward,Scotland,Null,0.0,,0.0,0.0,,0.0,0.0,0.0,0.0
161,SPL,Kristian Dennis,St. Mirren FC,"Mar 12, 1990 (31)",0,315000,07/12/2021 13:38,0.0,0.0,0.0,,Centre-Forward,England,Null,0.5,2013-08-30 09:45:14+00:00,2958.0,208.0,False,2958.0,208.0,2768.0908870870144,8.787590117736555
162,SPL,Josh Jack,St. Mirren FC,"Feb 4, 2001 (20)",0,68000,07/12/2021 13:38,0.0,0.0,0.0,,Centre-Forward,Scotland,Null,0.0,,0.0,0.0,,0.0,0.0,0.0,0.0
163,SPL,Matt Macey,Hibernian FC,"Sep 9, 1994 (27)",0,270000,07/12/2021 13:38,0.5,1469.0,1.0,False,Goalkeeper,England,Null,0.0,,0.0,0.0,,1469.0,1.0,1348.2159506232604,4.993392409715779
164,SPL,David Mitchell,Hibernian FC,"Apr 4, 1990 (31)",0,90000,07/12/2021 13:38,0.0,0.0,0.0,,Goalkeeper,Scotland,Null,0.0,,0.0,0.0,,0.0,0.0,0.0,0.0
165,SPL,Maciej Dabrowski,Hibernian FC,"Jun 9, 1998 (23)",0,23000,07/12/2021 13:38,0.0,0.0,0.0,,Goalkeeper,Poland,Null,1.0,2015-06-10 21:40:53+00:00,1552.0,263.0,False,1552.0,263.0,1425.9504780346122,61.997846871070095
166,SPL,Darren McGregor,Hibernian FC,"Aug 7, 1985 (36)",0,270000,07/12/2021 13:38,0.0,0.0,0.0,,Centre-Back,Scotland,Null,0.0,,0.0,0.0,,0.0,0.0,0.0,0.0
167,SPL,Joe Newell,Hibernian FC,"Mar 15, 1993 (28)",0,720000,07/12/2021 13:38,0.0,0.0,0.0,,Central Midfield,England,Null,0.5,2018-09-14 18:41:13+00:00,7148.0,1308.0,False,7148.0,1308.0,7051.545685586349,9.793813452203262
168,SPL,Melker Hallberg,Hibernian FC,"Oct 20, 1995 (26)",0,540000,07/12/2021 13:38,0.0,0.0,0.0,,Central Midfield,Sweden,Null,0.0,,0.0,0.0,,0.0,0.0,0.0,0.0
169,SPL,Drey Wright,Hibernian FC,"Apr 30, 1995 (26)",0,315000,07/12/2021 13:38,0.0,0.0,0.0,,Right Midfield,England,Null,0.0,,0.0,0.0,,0.0,0.0,0.0,0.0
170,SPL,Declan Gallagher,Aberdeen FC,"Feb 13, 1991 (30)",0,675000,07/12/2021 13:38,0.0,0.0,0.0,,Centre-Back,Scotland,Null,0.0,,0.0,0.0,,0.0,0.0,0.0,0.0
171,SPL,Michael Devlin,Aberdeen FC,"Oct 3, 1993 (28)",0,360000,07/12/2021 13:38,0.0,0.0,0.0,,Centre-Back,Scotland,Null,0.0,,0.0,0.0,,0.0,0.0,0.0,0.0
172,SPL,Dean Campbell,Aberdeen FC,"Mar 19, 2001 (20)",0,338000,07/12/2021 13:38,0.0,0.0,0.0,,Defensive Midfield,Scotland,Null,0.0,,0.0,0.0,,0.0,0.0,0.0,0.0
173,SPL,Matty Longstaff,Aberdeen FC,"Mar 21, 2000 (21)",0,4500000,07/12/2021 13:38,0.0,0.0,0.0,,Central Midfield,England,Null,1.0,2012-06-24 14:20:53+00:00,30939.0,59.0,False,30939.0,59.0,30939.0,6.875333333333334
174,SPL,Funso Ojo,Aberdeen FC,"Aug 28, 1991 (30)",0,360000,07/12/2021 13:38,0.0,0.0,0.0,,Central Midfield,Belgium,Nigeria,0.0,,0.0,0.0,,0.0,0.0,0.0,0.0
175,SPL,Elliot Parish,St. Johnstone FC,"May 20, 1990 (31)",0,225000,07/12/2021 13:38,0.0,0.0,0.0,,Goalkeeper,England,Wales,0.0,,0.0,0.0,,0.0,0.0,0.0,0.0
176,SPL,Callum Booth,St. Johnstone FC,"May 30, 1991 (30)",0,360000,07/12/2021 13:38,0.0,0.0,0.0,,Left-Back,Scotland,Null,0.0,,0.0,0.0,,0.0,0.0,0.0,0.0
177,SPL,Cammy MacPherson,St. Johnstone FC,"Dec 29, 1998 (22)",0,428000,07/12/2021 13:38,0.0,0.0,0.0,,Central Midfield,Scotland,Null,1.0,2014-05-02 12:02:24+00:00,1242.0,6373.0,False,1242.0,6373.0,1136.4683286941788,2.655299833397614
178,SPL,David Wotherspoon,St. Johnstone FC,"Jan 16, 1990 (31)",0,630000,07/12/2021 13:38,0.0,0.0,0.0,,Attacking Midfield,Canada,Scotland,1.0,2011-03-16 19:23:37+00:00,8044.0,1828.0,False,8044.0,1828.0,8022.680430836258,12.734413382279774
179,SPL,Michael O'Halloran,St. Johnstone FC,"Jan 6, 1991 (30)",0,315000,07/12/2021 13:38,0.0,0.0,0.0,,Left Winger,Scotland,Null,0.0,,0.0,0.0,,0.0,0.0,0.0,0.0
180,SPL,Daniel Barden,Livingston FC,"Jan 2, 2001 (20)",0,225000,07/12/2021 13:38,0.0,0.0,0.0,,Goalkeeper,Wales,Null,0.0,,0.0,0.0,,0.0,0.0,0.0,0.0
181,SPL,Jack McMillan,Livingston FC,"Dec 18, 1997 (23)",0,270000,07/12/2021 13:38,0.0,0.0,0.0,,Left-Back,Scotland,Null,0.0,,0.0,0.0,,0.0,0.0,0.0,0.0
182,SPL,Jason Holt,Livingston FC,"Feb 19, 1993 (28)",0,360000,07/12/2021 13:38,0.0,0.0,0.0,,Central Midfield,Scotland,Null,0.0,,0.0,0.0,,0.0,0.0,0.0,0.0
183,SPL,Scott Pittman,Livingston FC,"Jul 9, 1992 (29)",0,405000,07/12/2021 13:38,0.0,0.0,0.0,,Attacking Midfield,Scotland,United States,0.0,,0.0,0.0,,0.0,0.0,0.0,0.0
184,SPL,Jaze Kabia,Livingston FC,"Jul 8, 2000 (21)",0,68000,07/12/2021 13:38,0.0,0.0,0.0,,Right Winger,Ireland,England,1.0,2012-01-18 07:52:52+00:00,2040.0,8808.0,True,2040.0,8808.0,1886.3642744765825,27.74065109524386
185,SPL,Harry Panayiotou,Livingston FC,"Oct 28, 1994 (27)",0,23000,07/12/2021 13:38,0.0,0.0,0.0,,Second Striker,St. Kitts &amp; Nevis,England,1.0,2011-06-04 17:24:00+00:00,7255.0,7315.0,False,7255.0,7315.0,7166.4965508895075,311.5868065604134
186,SPL,Adam Legzdins,Dundee FC,"Nov 28, 1986 (34)",0,90000,07/12/2021 13:38,0.0,0.0,0.0,,Goalkeeper,England,Latvia,1.0,2010-11-02 12:31:49+00:00,13139.0,3251.0,True,13139.0,3251.0,13139.0,145.98888888888888
187,SPL,Ian Lawlor,Dundee FC,"Oct 27, 1994 (27)",0,90000,07/12/2021 13:38,0.0,0.0,0.0,,Goalkeeper,Ireland,Null,1.0,2009-07-09 15:13:44+00:00,8263.0,7065.0,True,8263.0,7065.0,8263.0,91.81111111111112
188,SPL,Jordan Marshall,Dundee FC,"Oct 27, 1996 (25)",0,270000,07/12/2021 13:38,0.0,0.0,0.0,,Left-Back,England,Null,0.5,2015-04-27 14:16:00+00:00,1252.0,686.0,False,1252.0,686.0,1145.770156117633,4.243593170806048
189,SPL,Paul McGowan,Dundee FC,"Oct 7, 1987 (34)",0,225000,07/12/2021 13:38,0.0,0.0,0.0,,Central Midfield,Scotland,Null,0.0,,0.0,0.0,,0.0,0.0,0.0,0.0
190,SPL,Max Anderson,Dundee FC,"May 17, 2001 (20)",0,315000,07/12/2021 13:38,0.0,0.0,0.0,,Attacking Midfield,Scotland,Null,0.0,,0.0,0.0,,0.0,0.0,0.0,0.0
191,SPL,Alex Iacovitti,Ross County FC,"Sep 2, 1997 (24)",0,338000,07/12/2021 13:38,0.0,0.0,0.0,,Centre-Back,Scotland,Italy,0.0,,0.0,0.0,,0.0,0.0,0.0,0.0
192,SPL,Jordan Tillson,Ross County FC,"Mar 5, 1993 (28)",0,315000,07/12/2021 13:38,0.0,0.0,0.0,,Defensive Midfield,England,Null,0.0,,0.0,0.0,,0.0,0.0,0.0,0.0
193,SPL,Ryan Porteous,Hibernian FC,"Mar 25, 1999 (22)",0,900000,16/12/2021 12:54,1.0,19615.0,159.0,True,Centre-Back,Scotland,Null,0.0,,0.0,0.0,,19615.0,159.0,19615.0,21.794444444444444
194,SPL,Paul Hanlon,Hibernian FC,"Jan 20, 1990 (31)",1,360000,16/12/2021 12:54,0.5,486.0,145.0,False,Centre-Back,Scotland,Null,0.0,,0.0,0.0,,486.0,145.0,440.2584775505265,1.2229402154181293
195,SPL,Nathan Wood,Hibernian FC,"May 31, 2002 (19)",0,270000,16/12/2021 12:54,1.0,16557.0,12.0,True,Centre-Back,England,Null,0.0,,0.0,0.0,,16557.0,12.0,16557.0,61.32222222222222
196,SPL,Josh Doig,Hibernian FC,"May 18, 2002 (19)",0,3600000,16/12/2021 12:54,1.0,8734.0,24.0,True,Left-Back,Scotland,Null,1.0,2016-05-15 09:30:37+00:00,4351.0,166.0,True,8734.0,166.0,8734.0,2.426111111111111
197,SPL,Lewis Stevenson,Hibernian FC,"Jan 5, 1988 (33)",0,315000,16/12/2021 12:54,0.5,751.0,30.0,False,Left-Back,Scotland,Null,0.0,,0.0,0.0,,751.0,30.0,682.7256202347816,2.1673829213802587
198,SPL,Sean Mackie,Hibernian FC,"Nov 4, 1998 (23)",0,270000,16/12/2021 12:54,0.5,5618.0,126.0,False,Left-Back,Scotland,Null,0.5,2015-09-12 18:00:25+00:00,1547.0,664.0,False,5618.0,664.0,5438.166888539272,20.141358846441747
199,SPL,Chris Cadden,Hibernian FC,"Sep 19, 1996 (25)",0,630000,16/12/2021 12:54,1.0,8543.0,172.0,True,Right-Back,Scotland,Null,1.0,2012-04-24 19:47:36+00:00,6901.0,2870.0,False,8543.0,2870.0,8543.0,13.56031746031746
200,SPL,Paul McGinn,Hibernian FC,"Oct 22, 1990 (31)",0,360000,16/12/2021 12:54,1.0,9229.0,38.0,False,Right-Back,Scotland,Null,0.5,2011-05-16 21:27:50+00:00,6834.0,4799.0,False,9229.0,4799.0,9229.0,25.636111111111113
201,SPL,Alex Gogic,Hibernian FC,"Apr 13, 1994 (27)",0,450000,16/12/2021 12:54,1.0,4885.0,899.0,True,Defensive Midfield,Cyprus,Serbia,1.0,2017-12-07 13:31:37+00:00,4734.0,1172.0,True,4885.0,1172.0,4685.296139416677,10.411769198703727
202,SPL,Kyle Magennis,Hibernian FC,"Aug 26, 1998 (23)",0,315000,16/12/2021 12:54,1.0,6496.0,355.0,False,Central Midfield,Scotland,Null,0.5,2011-08-30 20:00:27+00:00,1844.0,6340.0,False,6496.0,6340.0,6357.0863850901615,20.181226619333845
203,SPL,Jake Doyle-Hayes,Hibernian FC,"Dec 30, 1998 (22)",0,293000,16/12/2021 12:54,1.0,6390.0,25.0,True,Central Midfield,Ireland,Null,0.0,,0.0,0.0,,6390.0,25.0,6245.15587558998,21.314525172662048
204,SPL,Scott Allan,Hibernian FC,"Nov 28, 1991 (29)",0,540000,16/12/2021 12:54,1.0,50235.0,469.0,True,Attacking Midfield,Scotland,Null,1.0,2010-06-08 13:30:01+00:00,35867.0,5852.0,True,50235.0,5852.0,50235.0,93.02777777777777
205,SPL,Jamie Murphy,Hibernian FC,"Aug 28, 1989 (32)",0,540000,16/12/2021 12:54,1.0,35387.0,44.0,True,Left Winger,Scotland,Null,1.0,2010-12-09 22:03:48+00:00,59739.0,2398.0,True,59739.0,2398.0,59739.0,110.62777777777778
206,SPL,Daniel MacKay,Hibernian FC,"Apr 20, 2001 (20)",0,360000,16/12/2021 12:54,0.5,3050.0,23.0,False,Left Winger,Scotland,Null,0.5,2017-07-04 19:14:01+00:00,799.0,76.0,False,3050.0,76.0,2857.5801766912746,7.937722713031318
207,SPL,Martin Boyle,Hibernian FC,"Apr 25, 1993 (28)",0,1800000,16/12/2021 12:54,1.0,24354.0,285.0,True,Right Winger,Australia,Scotland,1.0,2012-01-21 10:32:41+00:00,20730.0,677.0,True,24354.0,677.0,24354.0,13.53
208,SPL,Kevin Nisbet,Hibernian FC,"Mar 8, 1997 (24)",0,2700000,16/12/2021 12:54,1.0,18515.0,137.0,True,Centre-Forward,Scotland,Null,0.0,,0.0,0.0,,18515.0,137.0,18515.0,6.857407407407408
209,SPL,Christian Doidge,Hibernian FC,"Aug 25, 1992 (29)",0,810000,16/12/2021 12:54,1.0,8477.0,180.0,True,Centre-Forward,Wales,Null,1.0,2011-01-16 20:25:37+00:00,9063.0,1267.0,False,9063.0,1267.0,9063.0,11.188888888888888
210,SPL,James Scott,Hibernian FC,"Aug 30, 2000 (21)",0,630000,16/12/2021 12:54,1.0,12113.0,110.0,True,Centre-Forward,Scotland,Null,1.0,2016-02-03 21:11:55+00:00,3602.0,556.0,True,12113.0,556.0,12113.0,19.226984126984128
211,SPL,Jamie Gullan,Hibernian FC,"Jul 2, 1999 (22)",0,315000,16/12/2021 12:54,1.0,4609.0,64.0,False,Centre-Forward,Scotland,Null,0.5,2013-12-17 18:34:00+00:00,3044.0,1813.0,False,4609.0,1813.0,4405.184364032434,13.984712266769632
212,SPL,Joe Lewis,Aberdeen FC,"Oct 6, 1987 (34)",0,360000,16/12/2021 12:54,1.0,4868.0,40.0,False,Goalkeeper,England,Null,1.0,2017-05-30 14:24:11+00:00,5732.0,177.0,False,5732.0,177.0,5556.425850175481,15.434516250487448
213,SPL,Gary Woods,Aberdeen FC,"Oct 1, 1990 (31)",0,270000,16/12/2021 12:54,0.5,2000.0,6.0,False,Goalkeeper,England,Null,0.5,2016-01-24 15:38:16+00:00,1673.0,30097.0,False,2000.0,30097.0,1848.408568316592,6.8459576604318215
214,SPL,David Bates,Aberdeen FC,"Oct 5, 1996 (25)",0,630000,16/12/2021 12:54,1.0,28532.0,67.0,True,Centre-Back,Scotland,Null,1.0,2012-09-10 19:27:30+00:00,27575.0,78.0,True,28532.0,78.0,28532.0,45.28888888888889
215,SPL,Andy Considine,Aberdeen FC,"Apr 1, 1987 (34)",0,270000,16/12/2021 12:54,1.0,9448.0,32.0,True,Left-Back,Scotland,Null,1.0,2021-01-28 11:33:20+00:00,3666.0,47.0,False,9448.0,47.0,9448.0,34.992592592592594
216,SPL,Jack MacKenzie,Aberdeen FC,"Jul 4, 2000 (21)",0,158000,16/12/2021 12:54,1.0,2935.0,6.0,False,Left-Back,Scotland,Null,1.0,2020-03-14 14:23:31+00:00,2314.0,34.0,True,2935.0,34.0,2745.7505748517488,17.37816819526423
217,SPL,Calvin Ramsay,Aberdeen FC,"Jul 31, 2003 (18)",0,180000,16/12/2021 12:54,1.0,7789.0,46.0,False,Right-Back,Scotland,Null,1.0,2019-07-06 18:46:24+00:00,4492.0,76.0,False,7789.0,76.0,7744.319060873775,43.02399478263208
218,SPL,Jack Gurr,Aberdeen FC,"Nov 26, 1995 (25)",0,158000,16/12/2021 12:54,1.0,36.0,4.0,False,Right-Back,England,Null,1.0,2013-09-11 16:40:59+00:00,2487.0,7979.0,True,2487.0,7979.0,2313.1537940215417,14.640213886212289
219,SPL,Ross McCrorie,Aberdeen FC,"Mar 18, 1998 (23)",0,900000,16/12/2021 12:54,1.0,67892.0,77.0,True,Defensive Midfield,Scotland,Null,1.0,2012-09-03 19:07:30+00:00,53440.0,7795.0,False,67892.0,7795.0,67892.0,75.43555555555555
220,SPL,Lewis Ferguson,Aberdeen FC,"Aug 24, 1999 (22)",0,1980000,16/12/2021 12:54,1.0,18649.0,102.0,True,Central Midfield,Scotland,Null,1.0,2012-07-08 23:56:59+00:00,9859.0,923.0,False,18649.0,923.0,18649.0,9.41868686868687
221,SPL,Scott Brown,Aberdeen FC,"Jun 25, 1985 (36)",1,720000,16/12/2021 12:54,1.0,262211.0,406.0,True,Central Midfield,Scotland,Null,1.0,2012-12-04 22:14:36+00:00,222294.0,941.0,True,262211.0,941.0,262211.0,364.18194444444447
222,SPL,Dylan McGeouch,Aberdeen FC,"Jan 15, 1993 (28)",0,270000,16/12/2021 12:54,1.0,42.0,4.0,False,Central Midfield,Scotland,Null,1.0,2011-10-15 15:01:35+00:00,67564.0,1000.0,True,67564.0,1000.0,67564.0,250.23703703703703
223,SPL,Teddy Jenks,Aberdeen FC,"Mar 12, 2002 (19)",0,180000,16/12/2021 12:54,1.0,6866.0,38.0,False,Central Midfield,England,Null,1.0,2017-03-12 20:33:05+00:00,2738.0,33.0,False,6866.0,38.0,6749.918649400944,37.49954805222747
224,SPL,Jonny Hayes,Aberdeen FC,"Jul 9, 1987 (34)",0,540000,16/12/2021 12:54,1.0,74676.0,450.0,True,Right Midfield,Ireland,Null,0.0,,0.0,0.0,,74676.0,450.0,74676.0,138.2888888888889
225,SPL,Niall McGinn,Aberdeen FC,"Jul 20, 1987 (34)",0,405000,16/12/2021 12:54,1.0,29430.0,554.0,True,Left Winger,Northern Ireland,Null,1.0,2010-09-25 17:38:16+00:00,84217.0,6337.0,True,84217.0,6337.0,84217.0,207.94320987654322
226,SPL,Matty Kennedy,Aberdeen FC,"Nov 1, 1994 (27)",0,405000,16/12/2021 12:54,1.0,16386.0,72.0,False,Left Winger,Northern Ireland,Scotland,1.0,2011-05-05 19:10:16+00:00,22542.0,5392.0,False,22542.0,5392.0,22542.0,55.65925925925926
227,SPL,Ryan Hedges,Aberdeen FC,"Jul 8, 1995 (26)",0,720000,16/12/2021 12:54,1.0,12625.0,114.0,True,Right Winger,Wales,England,1.0,2011-07-29 15:28:32+00:00,9362.0,2809.0,True,12625.0,2809.0,12625.0,17.53472222222222
228,SPL,Marley Watkins,Aberdeen FC,"Oct 17, 1990 (31)",0,360000,16/12/2021 12:54,1.0,12590.0,131.0,True,Right Winger,Wales,England,1.0,2010-05-09 12:59:07+00:00,10885.0,3449.0,True,12590.0,3449.0,12590.0,34.97222222222222
229,SPL,Connor McLennan,Aberdeen FC,"Oct 5, 1999 (22)",0,338000,16/12/2021 12:54,1.0,7104.0,75.0,False,Right Winger,Scotland,Null,1.0,2013-03-29 14:44:30+00:00,4463.0,302.0,False,7104.0,302.0,7004.35657751422,20.72294845418408
230,SPL,Christian Ramirez,Aberdeen FC,"Apr 4, 1991 (30)",0,900000,16/12/2021 12:54,1.0,26979.0,1494.0,True,Centre-Forward,United States,Colombia,1.0,2011-12-09 07:45:05+00:00,18199.0,12118.0,True,26979.0,12118.0,26979.0,29.976666666666667
231,SPL,Jay Emmanuel-Thomas,Aberdeen FC,"Dec 27, 1990 (30)",0,450000,16/12/2021 12:54,1.0,26944.0,66.0,True,Centre-Forward,England,St. Lucia,1.0,2010-11-23 20:26:34+00:00,39803.0,12128.0,True,39803.0,12128.0,39803.0,88.45111111111112
232,SPL,Austin Samuels,Aberdeen FC,"Nov 20, 2000 (21)",0,0,16/12/2021 12:54,1.0,12579.0,15.0,True,Centre-Forward,England,Null,1.0,2015-05-07 20:16:50+00:00,6294.0,4657.0,False,12579.0,4657.0,12579.0,inf
233,SPL,Zander Clark,St. Johnstone FC,"Jun 26, 1992 (29)",0,405000,16/12/2021 12:54,1.0,8152.0,674.0,True,Goalkeeper,Scotland,Null,1.0,2010-11-12 16:41:38+00:00,7308.0,7308.0,False,8152.0,7308.0,8141.049110492557,20.101355828376683
234,SPL,Ross Sinclair,St. Johnstone FC,"May 7, 2001 (20)",0,45000,16/12/2021 12:54,1.0,2286.0,46.0,False,Goalkeeper,Scotland,Null,0.5,2018-01-15 20:05:01+00:00,480.0,120.0,False,2286.0,120.0,2120.6433256686437,47.12540723708097
235,SPL,Jamie McCart,St. Johnstone FC,"Jun 20, 1997 (24)",0,450000,16/12/2021 12:54,1.0,2775.0,68.0,False,Centre-Back,Scotland,Null,1.0,2012-08-28 18:52:29+00:00,4511.0,2676.0,True,4511.0,2676.0,4306.167953527774,9.56926211895061
236,SPL,Liam Gordon,St. Johnstone FC,"Jan 26, 1996 (25)",1,450000,16/12/2021 12:54,1.0,3375.0,212.0,True,Centre-Back,Scotland,Null,1.0,2012-05-19 21:08:25+00:00,2590.0,2592.0,False,3375.0,2592.0,3175.350962120295,7.056335471378433
237,SPL,Efe Ambrose,St. Johnstone FC,"Oct 18, 1988 (33)",0,315000,16/12/2021 12:54,0.5,3508.0,15.0,False,Centre-Back,Nigeria,Null,0.0,,0.0,0.0,,3508.0,15.0,3306.1297349630886,10.495649952263774
238,SPL,Hayden Muller,St. Johnstone FC,"Feb 7, 2002 (19)",0,45000,16/12/2021 12:54,1.0,3273.0,15.0,False,Centre-Back,England,Null,0.5,2020-02-06 07:12:14+00:00,1454.0,39.0,False,3273.0,39.0,3075.3445479849934,68.34098995522208
239,SPL,Lars Dendoncker,St. Johnstone FC,"Apr 3, 2001 (20)",0,0,16/12/2021 12:54,1.0,3051.0,19.0,False,Centre-Back,Belgium,Null,0.0,,0.0,0.0,,3051.0,19.0,2858.5540118600993,inf
240,SPL,Reece Devine,St. Johnstone FC,"Dec 18, 2001 (19)",0,0,16/12/2021 12:54,1.0,27492.0,77.0,True,Left-Back,England,Null,0.0,,0.0,0.0,,27492.0,77.0,27492.0,inf
241,SPL,Shaun Rooney,St. Johnstone FC,"Jul 26, 1996 (25)",0,675000,16/12/2021 12:54,1.0,8126.0,156.0,False,Right-Back,Scotland,Null,0.5,2015-04-15 16:55:12+00:00,4868.0,1347.0,False,8126.0,1347.0,8112.527145104684,12.01855873348842
242,SPL,James Brown,St. Johnstone FC,"Jan 12, 1998 (23)",0,135000,16/12/2021 12:54,1.0,2231.0,21.0,False,Right-Back,Malta,England,1.0,2013-07-29 17:52:10+00:00,2493.0,389.0,True,2493.0,389.0,2318.9154060268665,17.17715115575457
243,SPL,Liam Craig,St. Johnstone FC,"Dec 27, 1986 (34)",0,315000,16/12/2021 12:54,0.5,973.0,4.0,False,Defensive Midfield,Scotland,Null,1.0,2015-06-17 11:59:45+00:00,3533.0,720.0,False,3533.0,720.0,3330.7600145225706,10.57384131594467
244,SPL,Ali Crawford,St. Johnstone FC,"Jul 30, 1991 (30)",0,495000,16/12/2021 12:54,1.0,3280.0,315.0,True,Central Midfield,Scotland,Null,1.0,2011-03-23 15:22:29+00:00,5023.0,1812.0,True,5023.0,1812.0,4826.043446690064,9.749582720585988
245,SPL,Craig Bryson,St. Johnstone FC,"Nov 6, 1986 (35)",0,360000,16/12/2021 12:54,0.5,3412.0,113.0,False,Central Midfield,Scotland,Null,1.0,2017-10-09 10:19:06+00:00,12057.0,217.0,False,12057.0,217.0,12057.0,33.49166666666667
246,SPL,Murray Davidson,St. Johnstone FC,"Mar 7, 1988 (33)",0,270000,16/12/2021 12:54,1.0,1596.0,11.0,False,Central Midfield,Scotland,Null,0.5,2012-04-06 21:42:52+00:00,3199.0,1245.0,False,3199.0,1245.0,3002.948493283311,11.122031456604855
247,SPL,Glenn Middleton,St. Johnstone FC,"Jan 1, 2000 (21)",0,495000,16/12/2021 12:54,1.0,57001.0,42.0,True,Left Winger,Scotland,England,1.0,2014-06-18 07:49:27+00:00,37404.0,898.0,True,57001.0,898.0,57001.0,115.15353535353535
248,SPL,Viv Solomon-Otabor,St. Johnstone FC,"Jan 2, 1996 (25)",0,360000,16/12/2021 12:54,1.0,14656.0,60.0,True,Left Winger,Nigeria,England,1.0,2011-05-08 14:15:48+00:00,6954.0,1696.0,True,14656.0,1696.0,14656.0,40.71111111111111
249,SPL,Stevie May,St. Johnstone FC,"Nov 3, 1992 (29)",0,450000,16/12/2021 12:54,1.0,10936.0,325.0,True,Centre-Forward,Scotland,Null,1.0,2011-08-13 10:12:28+00:00,20294.0,3668.0,False,20294.0,3668.0,20294.0,45.09777777777778
250,SPL,Chris Kane,St. Johnstone FC,"Sep 5, 1994 (27)",0,383000,16/12/2021 12:54,1.0,2767.0,213.0,True,Centre-Forward,Scotland,Null,1.0,2011-05-02 11:06:16+00:00,2478.0,2458.0,False,2767.0,2458.0,2582.9574972770183,6.744014353203703
251,SPL,Eetu Vertainen,St. Johnstone FC,"May 11, 1999 (22)",0,180000,16/12/2021 12:54,0.5,1708.0,21.0,False,Centre-Forward,Finland,Null,0.0,,0.0,0.0,,1708.0,21.0,1572.5051434103837,8.736139685613242
252,SPL,Max Stryjek,Livingston FC,"Jul 18, 1996 (25)",0,338000,16/12/2021 12:54,1.0,1068.0,45.0,True,Goalkeeper,Poland,Null,1.0,2013-05-07 07:23:06+00:00,4888.0,482.0,False,4888.0,482.0,4688.350962120296,13.87086083467543
253,SPL,Gary Maley,Livingston FC,"Aug 3, 1982 (39)",0,23000,16/12/2021 12:54,1.0,1297.0,35.0,False,Goalkeeper,Scotland,Null,1.0,2014-07-20 08:37:29+00:00,593.0,239.0,False,1297.0,239.0,1187.6583323248215,51.63731879673137
254,SPL,Ayo Obileye,Livingston FC,"Sep 2, 1994 (27)",0,315000,16/12/2021 12:54,1.0,3093.0,43.0,False,Centre-Back,England,Nigeria,1.0,2010-07-01 22:06:58+00:00,3129.0,5372.0,True,3129.0,5372.0,2934.587728427932,9.316151518818831
255,SPL,Jack Fitzwater,Livingston FC,"Sep 23, 1997 (24)",0,293000,16/12/2021 12:54,1.0,2413.0,74.0,False,Centre-Back,England,Null,1.0,2011-05-11 16:00:30+00:00,4278.0,8438.0,False,4278.0,8438.0,4071.684739198838,13.89653494607112
256,SPL,Tom Parkes,Livingston FC,"Jan 15, 1992 (29)",0,135000,16/12/2021 12:54,1.0,3067.0,43.0,False,Centre-Back,England,Null,0.5,2011-02-16 10:02:59+00:00,4523.0,718.0,False,4523.0,718.0,4318.279922546291,31.987258685528086
257,SPL,Adam Lewis,Livingston FC,"Nov 8, 1999 (22)",0,450000,16/12/2021 12:54,1.0,66672.0,207.0,True,Left-Back,England,Null,0.0,,0.0,0.0,,66672.0,207.0,66672.0,148.16
258,SPL,Sean Kelly,Livingston FC,"Nov 1, 1993 (28)",0,270000,16/12/2021 12:54,0.5,1110.0,63.0,False,Left-Back,Scotland,Null,0.5,2010-04-09 15:26:24+00:00,1491.0,3817.0,False,1491.0,3817.0,1368.8040421154544,5.069644600427608
259,SPL,Jackson Longridge,Livingston FC,"Apr 12, 1995 (26)",0,248000,16/12/2021 12:54,1.0,2838.0,125.0,True,Left-Back,Scotland,Null,1.0,2019-06-07 15:00:08+00:00,251.0,77.0,False,2838.0,125.0,2651.6736052281253,10.692232279145665
260,SPL,James Penrice,Livingston FC,"Dec 22, 1998 (22)",0,180000,16/12/2021 12:54,1.0,4296.0,41.0,False,Left-Back,Scotland,Null,1.0,2018-11-21 22:17:11+00:00,812.0,216.0,True,4296.0,216.0,4089.752486990197,22.720847149945538
261,SPL,Nicky Devlin,Livingston FC,"Oct 17, 1993 (28)",1,540000,16/12/2021 12:54,1.0,2640.0,101.0,False,Right-Back,Scotland,Null,1.0,2017-12-07 15:05:55+00:00,1973.0,1158.0,False,2640.0,1158.0,2460.34708943483,4.556198313768204
262,SPL,Marvin Bartley,Livingston FC,"Jul 4, 1986 (35)",0,270000,16/12/2021 12:54,1.0,11327.0,81.0,True,Defensive Midfield,England,Jamaica,1.0,2011-01-16 00:05:47+00:00,23831.0,12321.0,True,23831.0,12321.0,23831.0,88.26296296296296
263,SPL,Stephane Omeonga,Livingston FC,"Mar 27, 1996 (25)",0,540000,16/12/2021 12:54,1.0,16474.0,194.0,True,Central Midfield,Belgium,DR Congo,1.0,2017-03-13 22:23:52+00:00,5704.0,764.0,False,16474.0,764.0,16474.0,30.507407407407406
264,SPL,Ben Williamson,Livingston FC,"Aug 7, 2001 (20)",0,180000,16/12/2021 12:54,1.0,10476.0,56.0,False,Central Midfield,Scotland,Null,1.0,2017-12-09 08:17:54+00:00,1684.0,258.0,False,10476.0,258.0,10476.0,58.2
265,SPL,Alan Forrest,Livingston FC,"Sep 9, 1996 (25)",0,450000,16/12/2021 12:54,1.0,3293.0,13.0,False,Right Midfield,Scotland,Null,0.5,2011-12-06 15:53:31+00:00,1369.0,2234.0,False,3293.0,2234.0,3094.933801282827,6.877630669517394
266,SPL,Keaghan Jacobs,Livingston FC,"Sep 9, 1989 (32)",0,270000,16/12/2021 12:54,1.0,1653.0,222.0,False,Right Midfield,South Africa,Scotland,1.0,2011-08-16 12:33:46+00:00,1580.0,3206.0,False,1653.0,3206.0,1520.7680019363427,5.6324740812457135
267,SPL,Cristian Montano,Livingston FC,"Dec 11, 1991 (29)",0,68000,16/12/2021 12:54,1.0,6247.0,112.0,False,Left Midfield,Colombia,England,0.0,,0.0,0.0,,6247.0,112.0,6094.58620355803,89.62626769938281
268,SPL,Andrew Shinnie,Livingston FC,"Jul 17, 1989 (32)",0,360000,16/12/2021 12:54,1.0,8767.0,167.0,False,Attacking Midfield,Scotland,Null,1.0,2011-04-07 14:31:16+00:00,17669.0,3112.0,True,17669.0,3112.0,17669.0,49.080555555555556
269,SPL,Odin Bailey,Livingston FC,"Dec 8, 1999 (21)",0,135000,16/12/2021 12:54,1.0,13798.0,83.0,True,Attacking Midfield,England,Null,0.5,2018-04-02 12:37:12+00:00,5050.0,209.0,False,13798.0,209.0,13798.0,102.2074074074074
270,SPL,Craig Sibbald,Livingston FC,"May 18, 1995 (26)",0,360000,16/12/2021 12:54,0.5,4487.0,28.0,False,Left Winger,Scotland,Null,1.0,2013-08-29 21:24:43+00:00,2083.0,631.0,False,4487.0,631.0,4281.954471741498,11.894317977059718
271,SPL,Bruce Anderson,Livingston FC,"Sep 23, 1998 (23)",0,315000,16/12/2021 12:54,1.0,16705.0,122.0,True,Centre-Forward,Scotland,Null,1.0,2011-08-02 21:26:42+00:00,7364.0,2818.0,True,16705.0,2818.0,16705.0,53.03174603174603
272,SPL,Jack Hamilton,Livingston FC,"Jun 30, 2000 (21)",0,225000,16/12/2021 12:54,1.0,2436.0,93.0,False,Centre-Forward,Scotland,Null,1.0,2017-09-02 18:37:48+00:00,826.0,442.0,False,2436.0,442.0,2264.2152729033037,10.06317899068135
273,SPL,Harry Sharp,Dundee FC,"Apr 4, 2001 (20)",0,23000,16/12/2021 12:54,0.5,2190.0,19.0,False,Goalkeeper,Scotland,Null,0.5,2015-07-15 08:41:39+00:00,438.0,903.0,False,2190.0,903.0,2029.043083625802,88.21926450546964
274,SPL,Lee Ashcroft,Dundee FC,"Aug 29, 1993 (28)",0,360000,16/12/2021 12:54,0.5,590.0,116.0,False,Centre-Back,Scotland,Null,0.5,2011-12-08 18:43:47+00:00,2409.0,1264.0,False,2409.0,1264.0,2238.33213118722,6.217589253297834
275,SPL,Jordan McGhee,Dundee FC,"Jul 24, 1996 (25)",0,270000,16/12/2021 12:54,0.5,5050.0,103.0,False,Centre-Back,Scotland,Null,1.0,2012-02-29 16:00:08+00:00,7393.0,2366.0,True,7393.0,2366.0,7315.160111339707,27.09318559755447
276,SPL,Ryan Sweeney,Dundee FC,"Apr 15, 1997 (24)",0,225000,16/12/2021 12:54,0.5,3889.0,129.0,False,Centre-Back,Ireland,England,1.0,2012-09-03 11:03:18+00:00,4282.0,3777.0,True,4282.0,3777.0,4075.699116543628,18.114218295749456
277,SPL,Liam Fontaine,Dundee FC,"Jan 7, 1986 (35)",0,135000,16/12/2021 12:54,1.0,1640.0,60.0,False,Centre-Back,England,Null,1.0,2015-03-13 17:39:26+00:00,11557.0,1528.0,True,11557.0,1528.0,11557.0,85.60740740740741
278,SPL,Corey Panter,Dundee FC,"Oct 19, 2000 (21)",0,90000,16/12/2021 12:54,0.5,1800.0,0.0,False,Centre-Back,England,Null,0.5,2013-04-01 09:25:43+00:00,532.0,3.0,False,1800.0,3.0,1659.2109403364395,18.435677114849327
279,SPL,Christie Elliott,Dundee FC,"May 26, 1991 (30)",0,270000,16/12/2021 12:54,1.0,3177.0,98.0,False,Right-Back,England,Null,1.0,2011-10-24 13:47:49+00:00,2929.0,2588.0,False,3177.0,2588.0,2981.450901609585,11.042410746702165
280,SPL,Cammy Kerr,Dundee FC,"Sep 10, 1995 (26)",0,225000,16/12/2021 12:54,1.0,4044.0,70.0,False,Right-Back,Scotland,Null,1.0,2008-05-16 19:09:49+00:00,8958.0,78376.0,True,8958.0,78376.0,8958.0,39.81333333333333
281,SPL,Charlie Adam,Dundee FC,"Dec 10, 1985 (35)",1,360000,16/12/2021 12:54,1.0,49196.0,913.0,True,Central Midfield,Scotland,Null,1.0,2011-04-24 14:32:10+00:00,452055.0,12893.0,True,452055.0,12893.0,452055.0,1255.7083333333333
282,SPL,Shaun Byrne,Dundee FC,"Jun 9, 1993 (28)",0,315000,16/12/2021 12:54,0.5,3824.0,629.0,False,Central Midfield,Scotland,Null,0.0,,0.0,0.0,,3824.0,629.0,3618.5693331719717,11.487521692609434
283,SPL,Paul McMullan,Dundee FC,"Feb 25, 1996 (25)",0,383000,16/12/2021 12:54,1.0,6366.0,219.0,False,Right Midfield,Scotland,Null,1.0,2011-04-24 17:58:57+00:00,3933.0,988.0,False,6366.0,988.0,6219.850877405301,16.239819523251438
284,SPL,Luke McCowan,Dundee FC,"Dec 9, 1997 (23)",0,293000,16/12/2021 12:54,1.0,1859.0,37.0,False,Right Winger,Scotland,Null,0.5,2012-02-26 15:24:38+00:00,700.0,581.0,False,1859.0,581.0,1714.923562870628,5.852981443244464
285,SPL,Leigh Griffiths,Dundee FC,"Aug 20, 1990 (31)",0,1080000,16/12/2021 12:54,1.0,175885.0,177.0,True,Centre-Forward,Scotland,Null,0.0,,0.0,0.0,,175885.0,177.0,175885.0,162.8564814814815
286,SPL,Jason Cummings,Dundee FC,"Aug 1, 1995 (26)",0,450000,16/12/2021 12:54,1.0,87645.0,525.0,True,Centre-Forward,Scotland,Null,1.0,2014-05-07 17:07:04+00:00,70899.0,1394.0,True,87645.0,1394.0,87645.0,194.76666666666668
287,SPL,Danny Mullen,Dundee FC,"Mar 1, 1995 (26)",0,315000,16/12/2021 12:54,1.0,3563.0,217.0,False,Centre-Forward,Scotland,Null,1.0,2013-07-22 20:15:55+00:00,2795.0,445.0,True,3563.0,445.0,3360.3363185283797,10.667734344534539
288,SPL,Cillian Sheridan,Dundee FC,"Feb 23, 1989 (32)",0,180000,16/12/2021 12:54,1.0,15499.0,912.0,True,Centre-Forward,Ireland,Null,1.0,2011-06-12 22:07:41+00:00,38898.0,11880.0,True,38898.0,11880.0,38898.0,216.1
289,SPL,Alex Jakubiak,Dundee FC,"Aug 27, 1996 (25)",0,90000,16/12/2021 12:54,1.0,7844.0,153.0,True,Centre-Forward,Scotland,England,1.0,2012-05-29 13:54:46+00:00,5722.0,1527.0,True,7844.0,1527.0,7804.224664165557,86.7136073796173
290,SPL,Ross Laidlaw,Ross County FC,"Jul 12, 1992 (29)",0,360000,16/12/2021 12:54,0.5,1302.0,30.0,False,Goalkeeper,Scotland,Null,0.0,,0.0,0.0,,1302.0,30.0,1192.3155996611401,3.3119877768365007
291,SPL,Ross Munro,Ross County FC,"Apr 1, 2000 (21)",0,90000,16/12/2021 12:54,0.5,2363.0,79.0,False,Goalkeeper,Scotland,Null,0.0,,0.0,0.0,,2363.0,79.0,2194.2755657751422,24.3808396197238
292,SPL,Ashley Maynard-Brewer,Ross County FC,"Jun 25, 1999 (22)",0,45000,16/12/2021 12:54,1.0,2665.0,34.0,False,Goalkeeper,Australia,Null,0.0,,0.0,0.0,,2665.0,34.0,2484.4521360280773,55.21004746729061
293,SPL,Coll Donaldson,Ross County FC,"Apr 9, 1995 (26)",0,360000,16/12/2021 12:54,1.0,2921.0,185.0,False,Centre-Back,Scotland,Null,1.0,2011-01-13 21:14:06+00:00,3759.0,10827.0,True,3759.0,10827.0,3554.10424785187,9.872511799588526
294,SPL,Jack Baldwin,Ross County FC,"Jun 30, 1993 (28)",0,293000,16/12/2021 12:54,0.5,6783.0,109.0,False,Centre-Back,England,Null,0.5,2010-06-21 22:25:40+00:00,10579.0,2906.0,False,10579.0,2906.0,10579.0,36.10580204778157
295,SPL,Harry Clarke,Ross County FC,"Mar 2, 2001 (20)",0,0,16/12/2021 12:54,1.0,42177.0,161.0,True,Centre-Back,England,Null,1.0,2017-11-06 15:54:15+00:00,15235.0,435.0,False,42177.0,435.0,42177.0,inf
296,SPL,Jake Vokins,Ross County FC,"Mar 17, 2000 (21)",0,225000,16/12/2021 12:54,1.0,10084.0,35.0,True,Left-Back,England,Null,0.0,,0.0,0.0,,10084.0,35.0,10084.0,44.81777777777778
297,SPL,Connor Randall,Ross County FC,"Oct 21, 1995 (26)",0,360000,16/12/2021 12:54,1.0,69160.0,46.0,True,Right-Back,England,Null,0.0,,0.0,0.0,,69160.0,46.0,69160.0,192.11111111111111
298,SPL,Keith Watson,Ross County FC,"Nov 14, 1989 (32)",1,248000,16/12/2021 12:54,0.5,312.0,176.0,False,Right-Back,Scotland,Null,0.0,,0.0,0.0,,312.0,176.0,281.9780709185526,1.1370083504780346
299,SPL,Ross Callachan,Ross County FC,"Sep 4, 1993 (28)",0,405000,16/12/2021 12:54,1.0,7209.0,1133.0,True,Central Midfield,Scotland,Null,1.0,2011-08-12 20:52:38+00:00,5390.0,15389.0,False,7209.0,15389.0,7117.044463269999,17.57294929202469
300,SPL,Harry Paton,Ross County FC,"May 23, 1998 (23)",0,360000,16/12/2021 12:54,0.5,2517.0,28.0,False,Central Midfield,Canada,Null,0.5,2017-06-05 21:21:16+00:00,828.0,294.0,False,2517.0,294.0,2341.9705675904634,6.505473798862399
301,SPL,David Cancola,Ross County FC,"Oct 23, 1996 (25)",0,180000,16/12/2021 12:54,1.0,2136.0,129.0,True,Central Midfield,Austria,Null,0.0,,0.0,0.0,,2136.0,129.0,1977.6159748275445,10.986755415708581
302,SPL,Jack Burroughs,Ross County FC,"Mar 21, 2001 (20)",0,45000,16/12/2021 12:54,1.0,4081.0,35.0,True,Central Midfield,Scotland,England,1.0,2015-02-23 17:25:30+00:00,1477.0,752.0,True,4081.0,752.0,3874.4558634878376,86.09901918861861
303,SPL,Alex Robertson,Ross County FC,"Apr 17, 2003 (18)",0,0,16/12/2021 12:54,0.5,15924.0,17.0,False,Central Midfield,England,Australia,0.5,2017-01-18 22:45:59+00:00,1978.0,116.0,False,15924.0,116.0,15924.0,inf
304,SPL,Ben Paton,Ross County FC,"Aug 24, 2000 (21)",0,0,16/12/2021 12:54,1.0,4114.0,100.0,False,Left Midfield,Canada,Null,1.0,2017-06-05 18:43:55+00:00,520.0,120.0,False,4114.0,120.0,3907.4287062810117,inf
305,SPL,Regan Charles-Cook,Ross County FC,"Feb 14, 1997 (24)",0,270000,16/12/2021 12:54,0.5,3720.0,35.0,False,Left Winger,Grenada,England,0.5,2012-12-26 17:52:53+00:00,3326.0,7945.0,True,3720.0,7945.0,3515.474282948082,13.020275122029933
306,SPL,Joseph Hungbo,Ross County FC,"Jan 15, 2000 (21)",0,90000,16/12/2021 12:54,0.5,7182.0,33.0,False,Left Winger,England,Null,0.5,2018-06-10 20:41:28+00:00,1905.0,217.0,False,7182.0,217.0,7088.042091250151,78.7560232361128
307,SPL,Blair Spittal,Ross County FC,"Dec 19, 1995 (25)",0,293000,16/12/2021 12:54,0.5,4585.0,225.0,False,Right Winger,Scotland,Null,0.0,,0.0,0.0,,4585.0,225.0,4380.913953769817,14.951924756893574
308,SPL,Jordan White,Ross County FC,"Feb 4, 1992 (29)",0,315000,16/12/2021 12:54,0.5,2359.0,258.0,False,Centre-Forward,Scotland,Null,0.5,2020-03-08 15:33:43+00:00,1721.0,183.0,False,2359.0,258.0,2190.4469805155513,6.953799938144607
309,SPL,Dominic Samuel,Ross County FC,"Apr 1, 1994 (27)",0,225000,16/12/2021 12:54,1.0,11413.0,48.0,True,Centre-Forward,England,Antigua and Barbuda,0.0,,0.0,0.0,,11413.0,48.0,11413.0,50.724444444444444
310,SPL,Alex Samuel,Ross County FC,"Sep 20, 1995 (26)",0,180000,16/12/2021 12:54,1.0,4297.0,96.0,False,Centre-Forward,Wales,Null,1.0,2017-09-29 12:15:01+00:00,5686.0,345.0,True,5686.0,345.0,5508.669466295534,30.60371925719741
